<?xml version="1.0" encoding="ISO-8859-1"?>
<?xml-stylesheet type="text/xsl" href="p5.xsl"?>
<productos>
<gafasvr>
<empresa>Oculus VR</empresa>
<nombre>Oculus Quest 2</nombre>
<precio>349</precio>
<mandosIncluidos>SI</mandosIncluidos>
<fechasalida>24/08/2021</fechasalida>
</gafasvr>
<gafasvr>
<empresa>Hewlett-Packard</empresa>
<nombre>Hp Reverb G2</nombre>
<precio>499</precio>
<mandosIncluidos>SI</mandosIncluidos>
<fechasalida>01/11/2020</fechasalida>
</gafasvr>
<gafasvr>
<empresa>Valve</empresa>
<nombre>Valve Index</nombre>
<precio>539</precio>
<mandosIncluidos>NO</mandosIncluidos>
<fechasalida>28/06/2019</fechasalida>
</gafasvr>
<gafasvr>
<empresa>Sony</empresa>
<nombre>Sony PlayStation VR</nombre>
<precio>299</precio>
<mandosIncluidos>NO</mandosIncluidos>
<fechasalida>13/10/2016</fechasalida>
</gafasvr>
<gafasvr>
<empresa>HTC Corporation</empresa>
<nombre>HTC Vive Pro 2</nombre>
<precio>739</precio>
<mandosIncluidos>NO</mandosIncluidos>
<fechasalida>03/06/2021</fechasalida>
</gafasvr>
<gafasvr>
<empresa>HTC Corporation</empresa>
<nombre>HTC Vive Cosmos</nombre>
<precio>578,99</precio>
<mandosIncluidos>SI</mandosIncluidos>
<fechasalida>18/04/2020</fechasalida>
</gafasvr>
<gafasvr>
<empresa>Oculus VR</empresa>
<nombre>Oculus Go</nombre>
<precio>298,94</precio>
<mandosIncluidos>SI</mandosIncluidos>
<fechasalida>01/05/2018</fechasalida>
</gafasvr>
<gafasvr>
<empresa>Pimax</empresa>
<nombre>Pimax Vision 8K X</nombre>
<precio>1479</precio>
<mandosIncluidos>NO</mandosIncluidos>
<fechasalida>19/02/2019</fechasalida>
</gafasvr>
<gafasvr>
<empresa>HTC Corporation</empresa>
<nombre>HTC Vive Focus Plus</nombre>
<precio>705,28</precio>
<mandosIncluidos>SI</mandosIncluidos>
<fechasalida>15/04/2019</fechasalida>
</gafasvr>
<gafasvr>
<empresa>Samsumg</empresa>
<nombre>Samsumg Gear VR</nombre>
<precio>145</precio>
<mandosIncluidos>NO</mandosIncluidos>
<fechasalida>27/11/2015</fechasalida>
</gafasvr>
</productos>
