﻿<?xml version="1.0" encoding="UTF-8"?>
<biblioteca xmlns:xsi="http://www.w3.org/2001/XMLSchema-instance" xsi:noNamespaceSchemaLocation="prestamo.xsd">
<prestamo idPrestamo="A12345" id_lector="5B">
<nombrecompleto_bibliotecario>Juan Lopez Lopez</nombrecompleto_bibliotecario>
<fecha_prestamo>2022-03-08</fecha_prestamo>
<fecha_devolucion>2022-04-08</fecha_devolucion>
<nombre_lector>Lucas</nombre_lector>
<apellido_lector>Varela Negro</apellido_lector>
<telefono>654375928</telefono>
<direccion nombre_calle="Calle Lugo" C.P="27500" localidad="Lugo" provincia="Lugo">
<tipo>calle</tipo>
<numero>34</numero>
<piso>1</piso>
<letra>A</letra>
</direccion>
<ejemplar num_ejemplar="1" titulo_ejemplar="Aventuras">
<autor_ejemplar>Juan Pedro Guisante</autor_ejemplar>
</ejemplar>
</prestamo>
<prestamo idPrestamo="A12345" id_lector="5B">
<nombrecompleto_bibliotecario>Juan Lopez Lopez</nombrecompleto_bibliotecario>
<fecha_prestamo>2022-03-08</fecha_prestamo>
<fecha_devolucion>2022-04-08</fecha_devolucion>
<nombre_lector>Lucas</nombre_lector>
<apellido_lector>Varela Negro</apellido_lector>
<telefono>654375928</telefono>
<direccion nombre_calle="Calle Lugo" C.P="27500" localidad="Lugo" provincia="Lugo">
<tipo>calle</tipo>
<numero>34</numero>
<piso>1</piso>
<letra>A</letra>
</direccion>
<ejemplar num_ejemplar="1" titulo_ejemplar="Aventuras">
<autor_ejemplar>Juan Pedro Guisante</autor_ejemplar>
</ejemplar>
</prestamo>
</biblioteca>